{
  "machineId": "MOTOR_DIGITAL_EAR_01",
  "baseline": {
    "frequency": 911.0169491525423,
    "soundEnergy": 1648870.5423728814,
    "current": 0.45005271186440676,
    "vibration": 1.0
  },
  "trainingData": [
    [
      1250,
      1992475,
      0.507692,
      1.0
    ],
    [
      1250,
      1787816,
      0.467399,
      1.0
    ],
    [
      1250,
      1787816,
      0.467399,
      1.0
    ],
    [
      1250,
      1627545,
      0.483516,
      1.0
    ],
    [
      1250,
      1627545,
      0.483516,
      1.0
    ],
    [
      1250,
      1627545,
      0.483516,
      1.0
    ],
    [
      1250,
      1566246,
      0.467399,
      1.0
    ],
    [
      1250,
      1566246,
      0.467399,
      1.0
    ],
    [
      1250,
      1710156,
      0.459341,
      1.0
    ],
    [
      1250,
      1714455,
      0.459341,
      1.0
    ],
    [
      1250,
      1714455,
      0.459341,
      1.0
    ],
    [
      1250,
      1537693,
      0.467399,
      1.0
    ],
    [
      1250,
      1537693,
      0.467399,
      1.0
    ],
    [
      1250,
      1559742,
      0.467399,
      1.0
    ],
    [
      1250,
      1559742,
      0.467399,
      1.0
    ],
    [
      1250,
      1643173,
      0.410989,
      1.0
    ],
    [
      1250,
      1943634,
      0.459341,
      1.0
    ],
    [
      1250,
      1662836,
      0.427106,
      1.0
    ],
    [
      1250,
      1606953,
      0.370696,
      1.0
    ],
    [
      1250,
      1606953,
      0.370696,
      1.0
    ],
    [
      1250,
      1699042,
      0.451282,
      1.0
    ],
    [
      1250,
      1613575,
      0.451282,
      1.0
    ],
    [
      1250,
      1613575,
      0.451282,
      1.0
    ],
    [
      1250,
      1613575,
      0.451282,
      1.0
    ],
    [
      1250,
      1822467,
      0.459341,
      1.0
    ],
    [
      1250,
      1474758,
      0.451282,
      1.0
    ],
    [
      1250,
      1707238,
      0.467399,
      1.0
    ],
    [
      1250,
      1649288,
      0.459341,
      1.0
    ],
    [
      1250,
      1649288,
      0.459341,
      1.0
    ],
    [
      1250,
      1649288,
      0.459341,
      1.0
    ],
    [
      1250,
      1553405,
      0.427106,
      1.0
    ],
    [
      1250,
      1539229,
      0.483516,
      1.0
    ],
    [
      1250,
      1539229,
      0.483516,
      1.0
    ],
    [
      1250,
      1551088,
      0.419048,
      1.0
    ],
    [
      1250,
      1551088,
      0.419048,
      1.0
    ],
    [
      250,
      1635222,
      0.378755,
      1.0
    ],
    [
      250,
      1646895,
      0.483516,
      1.0
    ],
    [
      250,
      1646895,
      0.483516,
      1.0
    ],
    [
      250,
      1634561,
      0.443223,
      1.0
    ],
    [
      250,
      1634561,
      0.443223,
      1.0
    ],
    [
      250,
      1701284,
      0.451282,
      1.0
    ],
    [
      250,
      1774573,
      0.370696,
      1.0
    ],
    [
      250,
      1936785,
      0.475458,
      1.0
    ],
    [
      250,
      1680422,
      0.491575,
      1.0
    ],
    [
      250,
      1680422,
      0.491575,
      1.0
    ],
    [
      250,
      1521282,
      0.467399,
      1.0
    ],
    [
      250,
      1798951,
      0.475458,
      1.0
    ],
    [
      250,
      1798951,
      0.475458,
      1.0
    ],
    [
      250,
      1798951,
      0.475458,
      1.0
    ],
    [
      250,
      1597743,
      0.410989,
      1.0
    ],
    [
      250,
      1597743,
      0.410989,
      1.0
    ],
    [
      1250,
      1461540,
      0.427106,
      1.0
    ],
    [
      250,
      1688733,
      0.459341,
      1.0
    ],
    [
      250,
      1550712,
      0.419048,
      1.0
    ],
    [
      250,
      1550712,
      0.419048,
      1.0
    ],
    [
      1250,
      1570073,
      0.427106,
      1.0
    ],
    [
      1250,
      1570073,
      0.427106,
      1.0
    ],
    [
      1250,
      1534007,
      0.435165,
      1.0
    ],
    [
      250,
      1665419,
      0.40293,
      1.0
    ],
    [
      250,
      1770834,
      0.475458,
      1.0
    ]
  ],
  "status": "trained",
  "calibrationDate": "2026-05-23T12:30:39.846324",
  "healthScore": 10
}