{
  "machineId": "MOTOR_DIGITAL_EAR_01",
  "baseline": {
    "frequency": 1084.7457627118645,
    "soundEnergy": 763443.3677966102,
    "current": 0.4426770677966102,
    "vibration": 1.0
  },
  "trainingData": [
    [
      1250,
      810840.1,
      0.451282,
      1.0
    ],
    [
      1250,
      750017,
      0.419048,
      1.0
    ],
    [
      1250,
      748695.9,
      0.443223,
      1.0
    ],
    [
      1250,
      668590.6,
      0.435165,
      1.0
    ],
    [
      1250,
      808135.6,
      0.459341,
      1.0
    ],
    [
      1250,
      897979,
      0.443223,
      1.0
    ],
    [
      1250,
      765653.7,
      0.443223,
      1.0
    ],
    [
      1250,
      890264.2,
      0.419048,
      1.0
    ],
    [
      1250,
      890264.2,
      0.419048,
      1.0
    ],
    [
      250,
      793072.4,
      0.435165,
      1.0
    ],
    [
      1250,
      687513.1,
      0.443223,
      1.0
    ],
    [
      1250,
      694161.9,
      0.435165,
      1.0
    ],
    [
      1250,
      763753.3,
      0.459341,
      1.0
    ],
    [
      1250,
      733335.5,
      0.443223,
      1.0
    ],
    [
      1250,
      748528.5,
      0.443223,
      1.0
    ],
    [
      1250,
      887046.2,
      0.451282,
      1.0
    ],
    [
      1250,
      815501,
      0.451282,
      1.0
    ],
    [
      1250,
      815501,
      0.451282,
      1.0
    ],
    [
      1250,
      718024.2,
      0.459341,
      1.0
    ],
    [
      500,
      861457,
      0.451282,
      1.0
    ],
    [
      1250,
      890555.4,
      0.435165,
      1.0
    ],
    [
      500,
      865342.9,
      0.435165,
      1.0
    ],
    [
      1250,
      852131.8,
      0.435165,
      1.0
    ],
    [
      1250,
      702409.8,
      0.410989,
      1.0
    ],
    [
      1250,
      702409.8,
      0.410989,
      1.0
    ],
    [
      1250,
      854445.4,
      0.459341,
      1.0
    ],
    [
      1250,
      854445.4,
      0.459341,
      1.0
    ],
    [
      1250,
      666413.4,
      0.443223,
      1.0
    ],
    [
      1250,
      789354,
      0.475458,
      1.0
    ],
    [
      250,
      832735.1,
      0.443223,
      1.0
    ],
    [
      500,
      756927.6,
      0.499634,
      1.0
    ],
    [
      1250,
      702199.3,
      0.435165,
      1.0
    ],
    [
      1250,
      702913.6,
      0.443223,
      1.0
    ],
    [
      1250,
      702913.6,
      0.443223,
      1.0
    ],
    [
      1250,
      668885.2,
      0.435165,
      1.0
    ],
    [
      1250,
      964128.6,
      0.435165,
      1.0
    ],
    [
      1250,
      778448.4,
      0.459341,
      1.0
    ],
    [
      1250,
      719789.5,
      0.467399,
      1.0
    ],
    [
      1250,
      799809.8,
      0.443223,
      1.0
    ],
    [
      500,
      628390.3,
      0.467399,
      1.0
    ],
    [
      500,
      628390.3,
      0.467399,
      1.0
    ],
    [
      250,
      824244.2,
      0.459341,
      1.0
    ],
    [
      1250,
      757137.4,
      0.443223,
      1.0
    ],
    [
      1250,
      777716.9,
      0.419048,
      1.0
    ],
    [
      1250,
      681811.6,
      0.443223,
      1.0
    ],
    [
      1250,
      701576,
      0.435165,
      1.0
    ],
    [
      1250,
      701576,
      0.435165,
      1.0
    ],
    [
      1250,
      707487.8,
      0.443223,
      1.0
    ],
    [
      250,
      864137.8,
      0.459341,
      1.0
    ],
    [
      1250,
      611087.3,
      0.467399,
      1.0
    ],
    [
      1250,
      636564.1,
      0.467399,
      1.0
    ],
    [
      1250,
      693634.6,
      0.435165,
      1.0
    ],
    [
      250,
      842963.9,
      0.419048,
      1.0
    ],
    [
      250,
      642684,
      0.451282,
      1.0
    ],
    [
      1250,
      718429.7,
      0.40293,
      1.0
    ],
    [
      1250,
      718429.7,
      0.40293,
      1.0
    ],
    [
      1250,
      823941.6,
      0.410989,
      1.0
    ],
    [
      1250,
      781907.9,
      0.419048,
      1.0
    ],
    [
      1250,
      746454.6,
      0.443223,
      1.0
    ],
    [
      250,
      776413.7,
      0.386813,
      1.0
    ]
  ],
  "status": "trained",
  "calibrationDate": "2026-05-22T22:05:15.794502",
  "healthScore": 100
}